{"epoch": 0, "_timestamp": 1684746120.8520591, "loss": 0.15438656508922577, "_runtime": 7194.059868097305, "_step": 3500}