{"Traning_step": 4303, "Max_q_value": 13.83418312072754, "Min_q_value": 13.172249145507813, "Avg_q_value": 13.503216133117675, "Reward": 1.0, "_timestamp": 1684746354.9437544, "_runtime": 7428.151563405991, "_step": 3615}