{"Traning_step": 2400, "Max_q_value": 0.25182686060667037, "Min_q_value": 0.08849076017737388, "Avg_q_value": 0.17015881039202213, "_timestamp": 1684738842.7932222, "_runtime": 183.43354511260986, "_step": 70, "epoch": 0, "loss": 0.44571080803871155, "_wandb": {"runtime": 182}}