{"epoch": 0, "_timestamp": 1684746352.917349, "loss": 0.7858985066413879, "_runtime": 7421.023568153381, "_step": 3655}