{"epoch": 0, "_timestamp": 1684746120.1650987, "loss": 1.7816089391708374, "_runtime": 7188.271317720413, "_step": 3538}